contact,no,yes,conversion_rate
cellular,2480,416,14.3646408839779
telephone,257,44,14.61794019933555
unknown,1263,61,4.607250755287009
